timestamp,email_id,raw_label,raw_value,doc_type
2026-09-20T09:47:35.645010+00:00,email_009,Voy.,QI540A,SHIPPING_INSTRUCTION
2026-09-20T09:47:35.649909+00:00,email_013,Gross Weight毛重(KGS),"67,311 KG",SHIPPING_INSTRUCTION
2026-09-20T09:47:35.651417+00:00,email_013,Voy.,11S,SHIPPING_INSTRUCTION
2026-09-20T09:47:35.653427+00:00,email_013,Gross Weight毛重(KGS),"67,311 KG",BILL_OF_LADING
2026-09-20T09:47:35.657906+00:00,email_025,Voy.,11S,SHIPPING_INSTRUCTION
2026-09-20T09:47:35.660428+00:00,email_025,Voy.,11S,BILL_OF_LADING
2026-09-20T09:47:35.665186+00:00,email_031,Voy.,QI540A,SHIPPING_INSTRUCTION
2026-09-20T09:47:35.675174+00:00,email_034,Voy.,BS291,BILL_OF_LADING
2026-09-20T09:47:35.686073+00:00,email_043,Gross Weight毛重(KGS),"68,649 KG",SHIPPING_INSTRUCTION
2026-09-20T09:47:35.687074+00:00,email_043,Voy.,051NW1,SHIPPING_INSTRUCTION
2026-09-20T09:47:35.688072+00:00,email_043,Gross Weight毛重(KGS),"68,649 KG",BILL_OF_LADING
2026-09-20T09:47:35.693720+00:00,email_044,Gross Weight毛重(KGS),"47,192 KG",BILL_OF_LADING
2026-09-20T09:47:35.699698+00:00,email_046,Gross Weight毛重(KGS),"257,340 KG",SHIPPING_INSTRUCTION
2026-09-20T09:47:35.701767+00:00,email_046,Gross Weight毛重(KGS),"257,340 KG",BILL_OF_LADING
2026-09-20T09:47:35.702775+00:00,email_046,Voy.,BS291,BILL_OF_LADING
2026-09-20T09:47:35.706295+00:00,email_051,Gross Weight毛重(KGS),"60,645 KG",SHIPPING_INSTRUCTION
2026-09-20T09:47:35.711821+00:00,email_052,Gross Weight毛重(KGS),"135,930 KG",BILL_OF_LADING
2026-09-20T09:47:35.826393+00:00,email_055,Consignee (收货人),AL GURG STATIONERY LLC,BILL_OF_LADING
2026-09-20T09:47:35.826393+00:00,email_055,Notify (通知人),AL GURG STATIONERY LLC,BILL_OF_LADING
2026-09-20T09:47:35.827397+00:00,email_055,POD (卸货港),"KARACHI, PAKISTAN",BILL_OF_LADING
2026-09-20T09:47:35.827397+00:00,email_055,Gross Wt (kgs) (毛重 KGS),"243,588",BILL_OF_LADING
2026-09-20T09:47:36.142809+00:00,email_064,Gross Weight毛重(KGS),"103,800 KG",SHIPPING_INSTRUCTION
2026-09-20T09:47:36.147987+00:00,email_065,Voy.,BS012,SHIPPING_INSTRUCTION
2026-09-20T09:47:36.157059+00:00,email_071,Voy.,051NW1,BILL_OF_LADING
2026-09-20T09:47:36.168996+00:00,email_090,Voy.,BS012,SHIPPING_INSTRUCTION
2026-09-20T09:47:36.173039+00:00,email_091,Voy.,QI540A,SHIPPING_INSTRUCTION
2026-09-20T09:47:36.177048+00:00,email_096,Voy.,11S,SHIPPING_INSTRUCTION
2026-09-20T09:47:36.208209+00:00,email_097,Shipper/Exporter (发货人),APRIL FINE PAPER TRADING (MIDDLE EAST) FZE,BILL_OF_LADING
2026-09-20T09:47:36.208209+00:00,email_097,P.O. BOX,"293775, DUBAI, UNITED ARAB EMIRATES",BILL_OF_LADING
2026-09-20T09:47:36.209714+00:00,email_097,CONSIGNEE (收货人),ROXCEL TRADING GMBH,BILL_OF_LADING
2026-09-20T09:47:36.210724+00:00,email_097,NEW NO,"23, L-BLOCK, 17TH STREET",BILL_OF_LADING
2026-09-20T09:47:36.211724+00:00,email_097,Container Count (箱数),11 x 40'HC,BILL_OF_LADING
2026-09-20T09:47:36.244736+00:00,email_107,SHIPPER (发货人),APRIL FINE PAPER TRADING (MIDDLE EAST) FZE,BILL_OF_LADING
2026-09-20T09:47:36.245253+00:00,email_107,P.O. BOX,"293775, DUBAI, UNITED ARAB EMIRATES",BILL_OF_LADING
2026-09-20T09:47:36.245777+00:00,email_107,To the Order of (收货人),VITAL SOLUTIONS PTE. LTD.,BILL_OF_LADING
2026-09-20T09:47:36.246308+00:00,email_107,TEL,02-2285-6025,BILL_OF_LADING
2026-09-20T09:47:36.246836+00:00,email_107,TEL,02-2285-6025,BILL_OF_LADING
2026-09-20T09:47:36.247369+00:00,email_107,Gross Weight毛重(KGS) (毛重 KGS),"41,124",BILL_OF_LADING
2026-09-20T09:47:36.250545+00:00,email_111,Gross Weight毛重(KGS),"91,524 KG",SHIPPING_INSTRUCTION
2026-09-20T09:47:36.251606+00:00,email_111,Gross Weight毛重(KGS),"91,524 KG",BILL_OF_LADING
2026-09-20T09:47:36.254427+00:00,email_113,Gross Weight毛重(KGS),"45,006 KG",SHIPPING_INSTRUCTION
2026-09-20T09:47:36.260364+00:00,email_118,Gross Weight毛重(KGS),"67,668 KG",SHIPPING_INSTRUCTION
2026-09-20T09:47:36.264599+00:00,email_119,Gross Weight毛重(KGS),"322,590 KG",SHIPPING_INSTRUCTION
2026-09-20T09:47:36.265110+00:00,email_119,Voy.,BS291,SHIPPING_INSTRUCTION
2026-09-20T09:47:36.266157+00:00,email_119,Voy.,BS291,BILL_OF_LADING
2026-09-20T09:47:36.272032+00:00,email_121,Gross Weight毛重(KGS),"21,342 KG",BILL_OF_LADING
2026-09-20T09:47:36.276762+00:00,email_128,Voy.,051NW1,SHIPPING_INSTRUCTION
2026-09-20T09:47:36.278342+00:00,email_128,Voy.,051NW1,BILL_OF_LADING
2026-09-20T09:47:36.280803+00:00,email_129,Voy.,051NW1,SHIPPING_INSTRUCTION
2026-09-20T09:47:36.285058+00:00,email_132,Gross Weight毛重(KGS),"20,262 KG",SHIPPING_INSTRUCTION
2026-09-20T09:47:36.287330+00:00,email_132,Gross Weight毛重(KGS),"20,262 KG",BILL_OF_LADING
2026-09-20T09:47:36.293111+00:00,email_133,Gross Weight毛重(KGS),"142,848 KG",SHIPPING_INSTRUCTION
2026-09-20T09:47:36.295110+00:00,email_133,Gross Weight毛重(KGS),"144,848 KG",BILL_OF_LADING
2026-09-20T09:47:36.299823+00:00,email_143,Voy.,051NW1,SHIPPING_INSTRUCTION
2026-09-20T09:47:36.302087+00:00,email_143,Gross Weight毛重(KGS),"42,486 KG",BILL_OF_LADING
2026-09-20T09:47:36.305754+00:00,email_144,NEW NO,"23, L-BLOCK, 17TH STREET; ANNA NAGAR EAST; CHENNAI, TAMIL NADU 600102; GST NO - 33AACFN6792L1ZU",SHIPPING_INSTRUCTION
2026-09-20T09:47:36.306281+00:00,email_144,Gross Weight毛重(KGS),"264,180 KG",SHIPPING_INSTRUCTION
2026-09-20T09:47:36.307386+00:00,email_144,NEW NO,"23, L-BLOCK, 17TH STREET; ANNA NAGAR EAST; CHENNAI, TAMIL NADU 600102; GST NO - 33AACFN6792L1ZU",BILL_OF_LADING
2026-09-20T09:47:36.307891+00:00,email_144,Voy.,11S,BILL_OF_LADING
2026-09-20T09:47:36.314733+00:00,email_145,Gross Weight毛重(KGS),"313,380 KG",BILL_OF_LADING
2026-09-20T09:47:36.318001+00:00,email_146,Gross Weight毛重(KGS),"66,654 KG",SHIPPING_INSTRUCTION
2026-09-20T09:47:36.345962+00:00,email_160,TEL,02-2285-6025,BILL_OF_LADING
2026-09-20T09:47:36.345962+00:00,email_160,TEL,02-2285-6025,BILL_OF_LADING
2026-09-20T09:47:36.367972+00:00,email_160,TEL,02-2285-6025,BILL_OF_LADING
2026-09-20T09:47:36.369025+00:00,email_160,TEL,02-2285-6025,BILL_OF_LADING
2026-09-20T09:47:36.374368+00:00,email_167,Gross Weight毛重(KGS),"62,664 KG",BILL_OF_LADING
2026-09-20T09:47:36.385798+00:00,email_171,Gross Weight毛重(KGS),141918,SHIPPING_INSTRUCTION
2026-09-20T09:47:36.393979+00:00,email_174,Gross Weight毛重(KGS),"20,532 KG",BILL_OF_LADING
2026-09-20T09:47:36.403148+00:00,email_178,Gross Weight毛重(KGS),"132,516 KG",BILL_OF_LADING
2026-09-20T09:47:36.406306+00:00,email_182,Gross Weight毛重(KGS),"100,240 KG",SHIPPING_INSTRUCTION
2026-09-20T09:47:36.409152+00:00,email_182,Voy.,QI540A,BILL_OF_LADING
2026-09-20T09:47:36.414392+00:00,email_197,Gross Weight毛重(KGS),"20,065 KG",BILL_OF_LADING
2026-09-20T09:47:36.419517+00:00,email_198,Voy.,BS291,BILL_OF_LADING
2026-09-20T09:47:36.475386+00:00,email_225,Voy.,BS291,SHIPPING_INSTRUCTION
2026-09-20T09:47:36.479899+00:00,email_227,Gross Weight毛重(KGS),"71,916 KG",BILL_OF_LADING
2026-09-20T09:47:36.479899+00:00,email_227,Voy.,QI540A,BILL_OF_LADING
2026-09-20T09:47:36.484413+00:00,email_235,Gross Weight毛重(KGS),"94,380 KG",SHIPPING_INSTRUCTION
2026-09-20T09:47:36.484413+00:00,email_235,Voy.,11S,SHIPPING_INSTRUCTION
2026-09-20T09:47:36.491128+00:00,email_239,Gross Weight毛重(KGS),"126,594 KG",SHIPPING_INSTRUCTION
2026-09-20T09:47:36.493143+00:00,email_239,Gross Weight毛重(KGS),"126,594 KG",BILL_OF_LADING
2026-09-20T09:47:36.510848+00:00,email_243,Gross Weight毛重(KGS),100445,BILL_OF_LADING
2026-09-20T09:47:36.516524+00:00,email_249,Voy.,051NW1,SHIPPING_INSTRUCTION
2026-09-20T09:47:36.522414+00:00,email_256,Gross Weight毛重(KGS),"262,224 KG",SHIPPING_INSTRUCTION
2026-09-20T09:47:36.522414+00:00,email_256,Voy.,QI540A,SHIPPING_INSTRUCTION
2026-09-20T09:47:36.528426+00:00,email_270,Voy.,BS291,SHIPPING_INSTRUCTION
2026-09-20T09:47:36.582389+00:00,email_275,Voy.,2545E,SHIPPING_INSTRUCTION
2026-09-20T09:47:36.584401+00:00,email_275,Gross Weight毛重(KGS),"271,932 KG",BILL_OF_LADING
2026-09-20T09:47:36.617592+00:00,email_291,SHIPPER (发货人),APRIL FINE PAPER TRADING (MIDDLE EAST) FZE,BILL_OF_LADING
2026-09-20T09:47:36.617592+00:00,email_291,P.O. BOX,"293775, DUBAI, UNITED ARAB EMIRATES",BILL_OF_LADING
2026-09-20T09:47:36.618595+00:00,email_291,To the Order of (收货人),TOPKOPY MIDDLE EAST FZE,BILL_OF_LADING
2026-09-20T09:47:36.618595+00:00,email_291,Load Port (装货港),"NANTONG, CHINA",BILL_OF_LADING
2026-09-20T09:47:36.619595+00:00,email_291,Gross Wt (kgs) (毛重 KGS),"21,745",BILL_OF_LADING
2026-09-20T09:47:36.623139+00:00,email_296,Gross Weight毛重(KGS),"21,401 KG",SHIPPING_INSTRUCTION
2026-09-20T09:47:36.674173+00:00,email_302,Shipper/Exporter (发货人),APRIL FINE PAPER TRADING (MIDDLE EAST) FZE,BILL_OF_LADING
2026-09-20T09:47:36.675171+00:00,email_302,P.O. BOX,"293775, DUBAI, UNITED ARAB EMIRATES",BILL_OF_LADING
2026-09-20T09:47:36.675171+00:00,email_302,Notify (通知人),"KTP CO., LTD",BILL_OF_LADING
2026-09-20T09:47:36.676237+00:00,email_302,TEL,02-2285-6025,BILL_OF_LADING
2026-09-20T09:47:36.677238+00:00,email_302,No. of Containers (箱数),4 x 20'GP,BILL_OF_LADING
2026-09-20T09:47:36.677238+00:00,email_302,Gross Wt (kgs) (毛重 KGS),"40,176",BILL_OF_LADING
2026-09-20T09:47:36.682820+00:00,email_307,Voy.,BS012,SHIPPING_INSTRUCTION
2026-09-20T09:47:36.683819+00:00,email_307,Gross Weight毛重(KGS),"23,869 KG",BILL_OF_LADING
2026-09-20T09:47:36.778684+00:00,email_324,Voy.,2545E,SHIPPING_INSTRUCTION
2026-09-20T09:47:36.780287+00:00,email_324,Voy.,2545E,BILL_OF_LADING
2026-09-20T09:47:36.787826+00:00,email_335,Gross Weight毛重(KGS),"109,765 KG",SHIPPING_INSTRUCTION
2026-09-20T09:47:36.789420+00:00,email_335,Voy.,2545E,BILL_OF_LADING
2026-09-20T09:47:36.798022+00:00,email_348,Gross Weight毛重(KGS),"334,845 KG",BILL_OF_LADING
2026-09-20T09:47:36.798557+00:00,email_348,Voy.,BS291,BILL_OF_LADING
2026-09-20T09:47:36.842563+00:00,email_351,P.O. BOX,"293775, DUBAI, UNITED ARAB EMIRATES",BILL_OF_LADING
2026-09-20T09:47:36.843101+00:00,email_351,TEL,02-2285-6025,BILL_OF_LADING
2026-09-20T09:47:36.843638+00:00,email_351,TEL,02-2285-6025,BILL_OF_LADING
2026-09-20T09:47:36.874307+00:00,email_351,P.O. BOX,"293775, DUBAI, UNITED ARAB EMIRATES",BILL_OF_LADING
2026-09-20T09:47:36.875360+00:00,email_351,TEL,02-2285-6025,BILL_OF_LADING
2026-09-20T09:47:36.875893+00:00,email_351,TEL,02-2285-6025,BILL_OF_LADING
2026-09-20T09:47:36.910490+00:00,email_354,Shipper (发货人),APRIL FINE PAPER TRADING,BILL_OF_LADING
2026-09-20T09:47:36.911044+00:00,email_354,Consignee (收货人),HABRAS INTERNATIONAL LIMITED,BILL_OF_LADING
2026-09-20T09:47:36.911570+00:00,email_354,POL (装货港),"RUGAO/NANTONG/SHANGHAI, CHINA",BILL_OF_LADING
2026-09-20T09:47:36.912103+00:00,email_354,No. of Containers or Packages (箱数),1 x 20'GP,BILL_OF_LADING
2026-09-20T09:47:36.912625+00:00,email_354,Gross Wt (kgs) (毛重 KGS),"22,603",BILL_OF_LADING
2026-09-20T09:47:36.917326+00:00,email_361,Gross Weight毛重(KGS),"238,590 KG",BILL_OF_LADING
2026-09-20T09:47:36.924857+00:00,email_367,Voy.,BS291,SHIPPING_INSTRUCTION
2026-09-20T09:47:36.938044+00:00,email_379,Gross Weight毛重(KGS),"272,232 KG",SHIPPING_INSTRUCTION
2026-09-20T09:47:36.943573+00:00,email_383,Gross Weight毛重(KGS),"229,130 KG",SHIPPING_INSTRUCTION
2026-09-20T09:47:37.010468+00:00,email_407,NEW NO,"23, L-BLOCK, 17TH STREET",BILL_OF_LADING
2026-09-20T09:47:37.011004+00:00,email_407,NEW NO,"23, L-BLOCK, 17TH STREET",BILL_OF_LADING
2026-09-20T09:47:37.042478+00:00,email_407,NEW NO,"23, L-BLOCK, 17TH STREET",BILL_OF_LADING
2026-09-20T09:47:37.043011+00:00,email_407,NEW NO,"23, L-BLOCK, 17TH STREET",BILL_OF_LADING
2026-09-20T09:47:37.045128+00:00,email_408,Voy.,BS291,SHIPPING_INSTRUCTION
2026-09-20T09:47:37.046186+00:00,email_408,Gross Weight毛重(KGS),"223,290 KG",BILL_OF_LADING
2026-09-20T09:47:37.050051+00:00,email_409,Voy.,QI540A,SHIPPING_INSTRUCTION
2026-09-20T09:47:37.054296+00:00,email_410,Voy.,BS012,SHIPPING_INSTRUCTION
2026-09-20T09:47:37.115346+00:00,email_426,Voy.,QI540A,BILL_OF_LADING
2026-09-20T09:47:37.119060+00:00,email_428,Voy.,BS012,SHIPPING_INSTRUCTION
2026-09-20T09:47:37.120649+00:00,email_428,Voy.,BS012,BILL_OF_LADING
2026-09-20T09:47:37.201512+00:00,email_434,P.O. BOX,"293775, DUBAI, UNITED ARAB EMIRATES",BILL_OF_LADING
2026-09-20T09:47:37.231342+00:00,email_434,P.O. BOX,"293775, DUBAI, UNITED ARAB EMIRATES",BILL_OF_LADING
2026-09-20T09:47:37.262198+00:00,email_435,Shipper/Exporter (发货人),APRIL FINE PAPER TRADING (MIDDLE EAST) FZE,BILL_OF_LADING
2026-09-20T09:47:37.262824+00:00,email_435,P.O. BOX,"293775, DUBAI, UNITED ARAB EMIRATES",BILL_OF_LADING
2026-09-20T09:47:37.263339+00:00,email_435,No. of Containers (箱数),10 x 20'FCL,BILL_OF_LADING
2026-09-20T09:47:37.263870+00:00,email_435,Gross Wt (kgs) (毛重 KGS),"214,770",BILL_OF_LADING
2026-09-20T09:47:37.269687+00:00,email_453,Voy.,BS012,BILL_OF_LADING
2026-09-20T09:47:37.307121+00:00,email_462,CONSIGNEE (收货人),3S PAPER PRODUCTS SDN BHD,BILL_OF_LADING
2026-09-20T09:47:37.307740+00:00,email_462,Notify (通知人),ORIENT LINKS CO (LLC),BILL_OF_LADING
2026-09-20T09:47:37.308272+00:00,email_462,POL (装货港),"BUATAN, INDONESIA",BILL_OF_LADING
2026-09-20T09:47:37.308807+00:00,email_462,No. of Containers or Packages (箱数),5 x 20'GP,BILL_OF_LADING
2026-09-20T09:47:37.313470+00:00,email_468,Gross Weight毛重(KGS),"20,456 KG",BILL_OF_LADING
2026-09-20T09:47:37.314003+00:00,email_468,Voy.,QI540A,BILL_OF_LADING
2026-09-20T09:47:37.344255+00:00,email_483,Gross Weight毛重(KGS),"238,630 KG",SHIPPING_INSTRUCTION
2026-09-20T09:47:37.345764+00:00,email_483,Gross Weight毛重(KGS),"238,630 KG",BILL_OF_LADING
2026-09-20T09:47:37.349789+00:00,email_491,Gross Weight毛重(KGS),"20,164 KG",SHIPPING_INSTRUCTION
2026-09-20T09:47:37.368136+00:00,email_496,Gross Weight毛重(KGS),328665,BILL_OF_LADING
2026-09-20T09:47:37.396483+00:00,email_499,P.O. BOX,"293775, DUBAI, UNITED ARAB EMIRATES",BILL_OF_LADING
2026-09-20T09:47:37.414440+00:00,email_499,P.O. BOX,"293775, DUBAI, UNITED ARAB EMIRATES",BILL_OF_LADING
2026-09-20T09:47:37.417736+00:00,email_501,Voy.,051NW1,SHIPPING_INSTRUCTION
2026-09-20T09:47:37.423873+00:00,email_503,Gross Weight毛重(KGS),"21,772 KG",SHIPPING_INSTRUCTION
2026-09-20T09:47:37.429427+00:00,email_505,Voy.,BS012,SHIPPING_INSTRUCTION
2026-09-20T09:47:37.433943+00:00,email_511,Gross Weight毛重(KGS),"134,904 KG",SHIPPING_INSTRUCTION
2026-09-20T09:47:37.461686+00:00,email_516,NET WEIGHT,_______ MTS,SHIPPING_INSTRUCTION
2026-09-20T09:47:37.466188+00:00,email_517,NET WEIGHT,_______ MTS,SHIPPING_INSTRUCTION
2026-09-20T09:47:37.469813+00:00,email_518,NET WEIGHT,??? MTS,SHIPPING_INSTRUCTION
2026-09-20T09:47:37.473569+00:00,email_519,Gross Weight毛重(KGS),"70,572 KG",SHIPPING_INSTRUCTION
2026-09-20T09:47:37.474098+00:00,email_519,NET WEIGHT,_______ MTS,SHIPPING_INSTRUCTION
2026-09-20T09:47:37.478121+00:00,email_520,NET WEIGHT,_______ MTS,SHIPPING_INSTRUCTION
2026-09-20T09:49:02.995439+00:00,email_107,Gross Weight毛重(KGS) (毛重 KGS),"41,124",BILL_OF_LADING
2026-09-20T09:49:09.861760+00:00,email_107,Gross Weight毛重(KGS) (毛重 KGS),"41,124",BILL_OF_LADING
2026-09-20T09:49:42.954274+00:00,email_107,Gross Weight毛重(KGS) (毛重 KGS),"41,124",BILL_OF_LADING
2026-09-20T09:49:48.486680+00:00,email_107,Gross Weight毛重(KGS) (毛重 KGS),"41,124",BILL_OF_LADING
2026-09-20T09:50:55.073587+00:00,email_107,Gross Weight毛重(KGS) (毛重 KGS),"41,124",BILL_OF_LADING
2026-09-20T09:50:57.624242+00:00,email_107,Gross Weight毛重(KGS) (毛重 KGS),"41,124",BILL_OF_LADING
2026-09-20T09:50:59.474323+00:00,email_107,Gross Weight毛重(KGS) (毛重 KGS),"41,124",BILL_OF_LADING
2026-09-20T09:51:17.333039+00:00,email_107,Gross Weight毛重(KGS) (毛重 KGS),"41,124",BILL_OF_LADING
2026-09-20T09:51:19.086126+00:00,email_107,Gross Weight毛重(KGS) (毛重 KGS),"41,124",BILL_OF_LADING
2026-09-20T09:51:20.885748+00:00,email_107,Gross Weight毛重(KGS) (毛重 KGS),"41,124",BILL_OF_LADING
2026-09-20T09:51:40.511468+00:00,email_107,Gross Weight毛重(KGS) (毛重 KGS),"41,124",BILL_OF_LADING
2026-09-20T09:51:42.321947+00:00,email_107,Gross Weight毛重(KGS) (毛重 KGS),"41,124",BILL_OF_LADING
2026-09-20T09:51:44.125331+00:00,email_107,Gross Weight毛重(KGS) (毛重 KGS),"41,124",BILL_OF_LADING
2026-09-20T09:51:50.414290+00:00,email_107,Gross Weight毛重(KGS) (毛重 KGS),"41,124",BILL_OF_LADING
2026-09-20T10:34:48.784075+00:00,email_107,Gross Weight毛重(KGS) (毛重 KGS),"41,124",BILL_OF_LADING
2026-09-20T10:35:21.606681+00:00,email_107,Gross Weight毛重(KGS) (毛重 KGS),"41,124",BILL_OF_LADING
2026-09-20T10:35:25.582569+00:00,email_107,Gross Weight毛重(KGS) (毛重 KGS),"41,124",BILL_OF_LADING
2026-09-20T10:35:27.374596+00:00,email_107,Gross Weight毛重(KGS) (毛重 KGS),"41,124",BILL_OF_LADING
2026-09-20T10:35:45.613484+00:00,email_107,Gross Weight毛重(KGS) (毛重 KGS),"41,124",BILL_OF_LADING
2026-09-20T10:36:21.323003+00:00,email_107,Gross Weight毛重(KGS) (毛重 KGS),"41,124",BILL_OF_LADING
2026-09-20T10:36:23.192711+00:00,email_107,Gross Weight毛重(KGS) (毛重 KGS),"41,124",BILL_OF_LADING
2026-09-20T10:36:24.409736+00:00,email_107,Gross Weight毛重(KGS) (毛重 KGS),"41,124",BILL_OF_LADING
2026-09-20T10:38:44.246389+00:00,email_107,Gross Weight毛重(KGS) (毛重 KGS),"41,124",BILL_OF_LADING
2026-09-20T10:38:54.881381+00:00,email_107,Gross Weight毛重(KGS) (毛重 KGS),"41,124",BILL_OF_LADING
2026-09-20T10:39:25.239536+00:00,email_107,Gross Weight毛重(KGS) (毛重 KGS),"41,124",BILL_OF_LADING
2026-09-20T10:43:24.196649+00:00,email_107,Gross Weight毛重(KGS) (毛重 KGS),"41,124",BILL_OF_LADING
2026-09-20T16:03:47.431280+00:00,email_107,Gross Weight毛重(KGS) (毛重 KGS),"41,124",BILL_OF_LADING
2026-09-20T16:03:51.744944+00:00,email_107,Gross Weight毛重(KGS) (毛重 KGS),"41,124",BILL_OF_LADING
2026-09-20T16:03:53.449035+00:00,email_107,Gross Weight毛重(KGS) (毛重 KGS),"41,124",BILL_OF_LADING
2026-09-20T16:05:11.022281+00:00,email_107,Gross Weight毛重(KGS) (毛重 KGS),"41,124",BILL_OF_LADING
2026-09-20T16:05:29.043786+00:00,email_107,Gross Weight毛重(KGS) (毛重 KGS),"41,124",BILL_OF_LADING
2026-09-20T16:05:31.683908+00:00,email_107,Gross Weight毛重(KGS) (毛重 KGS),"41,124",BILL_OF_LADING
2026-09-20T16:05:33.534296+00:00,email_107,Gross Weight毛重(KGS) (毛重 KGS),"41,124",BILL_OF_LADING
2026-09-20T16:05:58.433850+00:00,email_107,Gross Weight毛重(KGS) (毛重 KGS),"41,124",BILL_OF_LADING
2026-09-20T16:06:01.028445+00:00,email_107,Gross Weight毛重(KGS) (毛重 KGS),"41,124",BILL_OF_LADING
2026-09-20T16:06:02.785696+00:00,email_107,Gross Weight毛重(KGS) (毛重 KGS),"41,124",BILL_OF_LADING
2026-09-20T16:17:53.575413+00:00,email_107,Gross Weight毛重(KGS) (毛重 KGS),"41,124",BILL_OF_LADING
2026-09-20T16:19:13.620667+00:00,email_107,Gross Weight毛重(KGS) (毛重 KGS),"41,124",BILL_OF_LADING
2026-09-20T16:19:15.983255+00:00,email_107,Gross Weight毛重(KGS) (毛重 KGS),"41,124",BILL_OF_LADING
2026-09-20T16:19:46.963147+00:00,email_107,Gross Weight毛重(KGS) (毛重 KGS),"41,124",BILL_OF_LADING
2026-09-20T16:19:49.468800+00:00,email_107,Gross Weight毛重(KGS) (毛重 KGS),"41,124",BILL_OF_LADING
2026-09-20T16:19:58.439029+00:00,email_107,Gross Weight毛重(KGS) (毛重 KGS),"41,124",BILL_OF_LADING
2026-09-20T16:19:58.445822+00:00,email_107,Gross Weight毛重(KGS) (毛重 KGS),"41,124",BILL_OF_LADING
2026-09-20T16:20:01.418486+00:00,email_107,Gross Weight毛重(KGS) (毛重 KGS),"41,124",BILL_OF_LADING
2026-09-20T16:20:01.427803+00:00,email_107,Gross Weight毛重(KGS) (毛重 KGS),"41,124",BILL_OF_LADING
2026-09-20T16:20:45.641321+00:00,email_107,Gross Weight毛重(KGS) (毛重 KGS),"41,124",BILL_OF_LADING
2026-09-20T16:20:48.197308+00:00,email_107,Gross Weight毛重(KGS) (毛重 KGS),"41,124",BILL_OF_LADING
2026-09-20T16:21:06.092238+00:00,email_107,Gross Weight毛重(KGS) (毛重 KGS),"41,124",BILL_OF_LADING
2026-09-20T16:21:09.237441+00:00,email_107,Gross Weight毛重(KGS) (毛重 KGS),"41,124",BILL_OF_LADING
2026-09-20T16:21:11.089636+00:00,email_107,Gross Weight毛重(KGS) (毛重 KGS),"41,124",BILL_OF_LADING
2026-09-20T17:10:27.534240+00:00,email_107,Gross Weight毛重(KGS) (毛重 KGS),"41,124",BILL_OF_LADING
2026-09-20T17:10:31.238767+00:00,email_107,Gross Weight毛重(KGS) (毛重 KGS),"41,124",BILL_OF_LADING
2026-09-20T17:10:33.386529+00:00,email_107,Gross Weight毛重(KGS) (毛重 KGS),"41,124",BILL_OF_LADING
2026-09-20T17:12:25.299325+00:00,email_107,Gross Weight毛重(KGS) (毛重 KGS),"41,124",BILL_OF_LADING
2026-09-20T17:12:28.519062+00:00,email_107,Gross Weight毛重(KGS) (毛重 KGS),"41,124",BILL_OF_LADING
2026-09-20T17:12:30.576338+00:00,email_107,Gross Weight毛重(KGS) (毛重 KGS),"41,124",BILL_OF_LADING
2026-09-20T18:59:05.067844+00:00,email_107,Gross Weight毛重(KGS) (毛重 KGS),"41,124",BILL_OF_LADING
2026-09-20T18:59:07.575603+00:00,email_107,Gross Weight毛重(KGS) (毛重 KGS),"41,124",BILL_OF_LADING
2026-09-20T18:59:09.764539+00:00,email_107,Gross Weight毛重(KGS) (毛重 KGS),"41,124",BILL_OF_LADING
2026-09-20T18:59:18.744814+00:00,email_107,Gross Weight毛重(KGS) (毛重 KGS),"41,124",BILL_OF_LADING
2026-09-20T19:00:36.009123+00:00,email_107,Gross Weight毛重(KGS) (毛重 KGS),"41,124",BILL_OF_LADING
2026-09-20T19:00:38.390152+00:00,email_107,Gross Weight毛重(KGS) (毛重 KGS),"41,124",BILL_OF_LADING
2026-09-20T19:00:40.649347+00:00,email_107,Gross Weight毛重(KGS) (毛重 KGS),"41,124",BILL_OF_LADING
2026-09-21T01:54:45.601162+00:00,email_107,Gross Weight毛重(KGS) (毛重 KGS),"41,124",BILL_OF_LADING
2026-09-21T01:56:29.337873+00:00,email_107,Gross Weight毛重(KGS) (毛重 KGS),"41,124",BILL_OF_LADING
2026-09-21T01:57:19.552965+00:00,email_107,Gross Weight毛重(KGS) (毛重 KGS),"41,124",BILL_OF_LADING
2026-09-21T01:58:08.704314+00:00,email_107,Gross Weight毛重(KGS) (毛重 KGS),"41,124",BILL_OF_LADING
2026-09-21T02:02:58.734294+00:00,email_107,Gross Weight毛重(KGS) (毛重 KGS),"41,124",BILL_OF_LADING
2026-09-21T02:04:18.306220+00:00,email_107,Gross Weight毛重(KGS) (毛重 KGS),"41,124",BILL_OF_LADING
2026-09-21T02:04:55.294681+00:00,email_107,Gross Weight毛重(KGS) (毛重 KGS),"41,124",BILL_OF_LADING
2026-09-21T02:10:35.997838+00:00,email_107,Gross Weight毛重(KGS) (毛重 KGS),"41,124",BILL_OF_LADING
2026-09-21T02:11:17.799121+00:00,email_107,Gross Weight毛重(KGS) (毛重 KGS),"41,124",BILL_OF_LADING
2026-09-21T02:11:47.442888+00:00,email_107,Gross Weight毛重(KGS) (毛重 KGS),"41,124",BILL_OF_LADING
2026-09-21T02:12:36.629085+00:00,email_107,Gross Weight毛重(KGS) (毛重 KGS),"41,124",BILL_OF_LADING
2026-09-21T02:12:47.751544+00:00,email_107,Gross Weight毛重(KGS) (毛重 KGS),"41,124",BILL_OF_LADING
2026-09-21T02:13:05.723229+00:00,email_107,Gross Weight毛重(KGS) (毛重 KGS),"41,124",BILL_OF_LADING
2026-09-21T02:14:03.528081+00:00,email_107,Gross Weight毛重(KGS) (毛重 KGS),"41,124",BILL_OF_LADING
2026-09-21T02:14:06.384635+00:00,email_107,Gross Weight毛重(KGS) (毛重 KGS),"41,124",BILL_OF_LADING
2026-09-21T02:14:09.919293+00:00,email_107,Gross Weight毛重(KGS) (毛重 KGS),"41,124",BILL_OF_LADING
2026-09-21T02:14:52.152638+00:00,email_107,Gross Weight毛重(KGS) (毛重 KGS),"41,124",BILL_OF_LADING
2026-09-21T02:15:09.757594+00:00,email_107,Gross Weight毛重(KGS) (毛重 KGS),"41,124",BILL_OF_LADING
2026-09-21T04:38:04.371467+00:00,email_107,Gross Weight毛重(KGS) (毛重 KGS),"41,124",BILL_OF_LADING
2026-09-21T04:38:04.401530+00:00,email_107,Gross Weight毛重(KGS) (毛重 KGS),"41,124",BILL_OF_LADING
2026-09-21T04:38:04.428384+00:00,email_107,Gross Weight毛重(KGS) (毛重 KGS),"41,124",BILL_OF_LADING
2026-09-21T07:04:51.078154+00:00,email_107,Gross Weight毛重(KGS) (毛重 KGS),"41,124",BILL_OF_LADING
2026-09-21T07:04:55.628875+00:00,email_107,Gross Weight毛重(KGS) (毛重 KGS),"41,124",BILL_OF_LADING
2026-09-21T07:33:12.591086+00:00,email_107,Gross Weight毛重(KGS) (毛重 KGS),"41,124",BILL_OF_LADING
2026-09-21T07:33:15.183513+00:00,email_107,Gross Weight毛重(KGS) (毛重 KGS),"41,124",BILL_OF_LADING
2026-09-21T07:38:35.441783+00:00,email_107,Gross Weight毛重(KGS) (毛重 KGS),"41,124",BILL_OF_LADING
2026-09-21T07:41:58.975172+00:00,email_107,Gross Weight毛重(KGS) (毛重 KGS),"41,124",BILL_OF_LADING
2026-09-21T07:42:01.331001+00:00,email_107,Gross Weight毛重(KGS) (毛重 KGS),"41,124",BILL_OF_LADING
2026-09-21T07:42:12.883673+00:00,email_107,Gross Weight毛重(KGS) (毛重 KGS),"41,124",BILL_OF_LADING
2026-09-21T07:42:15.270463+00:00,email_107,Gross Weight毛重(KGS) (毛重 KGS),"41,124",BILL_OF_LADING
2026-09-21T07:43:13.142413+00:00,email_107,Gross Weight毛重(KGS) (毛重 KGS),"41,124",BILL_OF_LADING
2026-09-21T07:48:58.798696+00:00,email_107,Gross Weight毛重(KGS) (毛重 KGS),"41,124",BILL_OF_LADING
2026-09-21T07:49:01.122586+00:00,email_107,Gross Weight毛重(KGS) (毛重 KGS),"41,124",BILL_OF_LADING
2026-09-21T07:49:58.737511+00:00,email_107,Gross Weight毛重(KGS) (毛重 KGS),"41,124",BILL_OF_LADING
2026-09-21T07:50:01.157515+00:00,email_107,Gross Weight毛重(KGS) (毛重 KGS),"41,124",BILL_OF_LADING
2026-09-21T07:50:58.817256+00:00,email_107,Gross Weight毛重(KGS) (毛重 KGS),"41,124",BILL_OF_LADING
2026-09-21T07:51:01.651755+00:00,email_107,Gross Weight毛重(KGS) (毛重 KGS),"41,124",BILL_OF_LADING
2026-09-21T07:51:58.716901+00:00,email_107,Gross Weight毛重(KGS) (毛重 KGS),"41,124",BILL_OF_LADING
2026-09-21T07:52:00.559005+00:00,email_107,Gross Weight毛重(KGS) (毛重 KGS),"41,124",BILL_OF_LADING
2026-09-21T07:52:58.605480+00:00,email_107,Gross Weight毛重(KGS) (毛重 KGS),"41,124",BILL_OF_LADING
2026-09-21T07:53:00.327203+00:00,email_107,Gross Weight毛重(KGS) (毛重 KGS),"41,124",BILL_OF_LADING
2026-09-21T07:53:15.420793+00:00,email_107,Gross Weight毛重(KGS) (毛重 KGS),"41,124",BILL_OF_LADING
2026-09-21T07:53:17.575943+00:00,email_107,Gross Weight毛重(KGS) (毛重 KGS),"41,124",BILL_OF_LADING
2026-09-21T07:53:58.934944+00:00,email_107,Gross Weight毛重(KGS) (毛重 KGS),"41,124",BILL_OF_LADING
2026-09-21T07:54:01.508361+00:00,email_107,Gross Weight毛重(KGS) (毛重 KGS),"41,124",BILL_OF_LADING
2026-09-21T07:54:58.764637+00:00,email_107,Gross Weight毛重(KGS) (毛重 KGS),"41,124",BILL_OF_LADING
2026-09-21T07:55:00.986535+00:00,email_107,Gross Weight毛重(KGS) (毛重 KGS),"41,124",BILL_OF_LADING
2026-09-21T07:55:58.766025+00:00,email_107,Gross Weight毛重(KGS) (毛重 KGS),"41,124",BILL_OF_LADING
2026-09-21T07:56:01.067188+00:00,email_107,Gross Weight毛重(KGS) (毛重 KGS),"41,124",BILL_OF_LADING
2026-09-21T07:56:58.630442+00:00,email_107,Gross Weight毛重(KGS) (毛重 KGS),"41,124",BILL_OF_LADING
2026-09-21T07:57:00.341590+00:00,email_107,Gross Weight毛重(KGS) (毛重 KGS),"41,124",BILL_OF_LADING
2026-09-21T07:57:58.827701+00:00,email_107,Gross Weight毛重(KGS) (毛重 KGS),"41,124",BILL_OF_LADING
2026-09-21T07:58:01.000774+00:00,email_107,Gross Weight毛重(KGS) (毛重 KGS),"41,124",BILL_OF_LADING
2026-09-21T07:58:45.316107+00:00,email_107,Gross Weight毛重(KGS) (毛重 KGS),"41,124",BILL_OF_LADING
2026-09-21T07:58:48.212552+00:00,email_107,Gross Weight毛重(KGS) (毛重 KGS),"41,124",BILL_OF_LADING
2026-09-21T08:34:25.055520+00:00,email_107,Gross Weight毛重(KGS) (毛重 KGS),"41,124",BILL_OF_LADING
2026-09-21T08:34:27.325204+00:00,email_107,Gross Weight毛重(KGS) (毛重 KGS),"41,124",BILL_OF_LADING
2026-09-21T08:34:39.702587+00:00,email_107,Gross Weight毛重(KGS) (毛重 KGS),"41,124",BILL_OF_LADING
2026-09-21T08:34:42.230381+00:00,email_107,Gross Weight毛重(KGS) (毛重 KGS),"41,124",BILL_OF_LADING
2026-09-21T08:34:58.817882+00:00,email_107,Gross Weight毛重(KGS) (毛重 KGS),"41,124",BILL_OF_LADING
2026-09-21T08:35:00.938413+00:00,email_107,Gross Weight毛重(KGS) (毛重 KGS),"41,124",BILL_OF_LADING
2026-09-21T08:35:58.955018+00:00,email_107,Gross Weight毛重(KGS) (毛重 KGS),"41,124",BILL_OF_LADING
2026-09-21T08:36:01.391155+00:00,email_107,Gross Weight毛重(KGS) (毛重 KGS),"41,124",BILL_OF_LADING
2026-09-21T08:36:58.685874+00:00,email_107,Gross Weight毛重(KGS) (毛重 KGS),"41,124",BILL_OF_LADING
2026-09-21T08:37:00.698932+00:00,email_107,Gross Weight毛重(KGS) (毛重 KGS),"41,124",BILL_OF_LADING
2026-09-21T08:37:58.834067+00:00,email_107,Gross Weight毛重(KGS) (毛重 KGS),"41,124",BILL_OF_LADING
2026-09-21T08:38:01.492147+00:00,email_107,Gross Weight毛重(KGS) (毛重 KGS),"41,124",BILL_OF_LADING
2026-09-21T08:38:59.001073+00:00,email_107,Gross Weight毛重(KGS) (毛重 KGS),"41,124",BILL_OF_LADING
2026-09-21T08:39:01.627029+00:00,email_107,Gross Weight毛重(KGS) (毛重 KGS),"41,124",BILL_OF_LADING
2026-09-21T08:39:58.785205+00:00,email_107,Gross Weight毛重(KGS) (毛重 KGS),"41,124",BILL_OF_LADING
2026-09-21T08:40:00.894891+00:00,email_107,Gross Weight毛重(KGS) (毛重 KGS),"41,124",BILL_OF_LADING
2026-09-21T08:40:58.814049+00:00,email_107,Gross Weight毛重(KGS) (毛重 KGS),"41,124",BILL_OF_LADING
2026-09-21T08:41:00.985612+00:00,email_107,Gross Weight毛重(KGS) (毛重 KGS),"41,124",BILL_OF_LADING
2026-09-21T08:41:58.729616+00:00,email_107,Gross Weight毛重(KGS) (毛重 KGS),"41,124",BILL_OF_LADING
2026-09-21T08:42:00.848734+00:00,email_107,Gross Weight毛重(KGS) (毛重 KGS),"41,124",BILL_OF_LADING
2026-09-21T09:02:33.350424+00:00,email_107,Gross Weight毛重(KGS) (毛重 KGS),"41,124",BILL_OF_LADING
2026-09-21T09:07:49.268384+00:00,email_107,Gross Weight毛重(KGS) (毛重 KGS),"41,124",BILL_OF_LADING
2026-09-21T09:08:11.507970+00:00,email_107,Gross Weight毛重(KGS) (毛重 KGS),"41,124",BILL_OF_LADING
2026-09-21T09:09:02.801868+00:00,email_107,Gross Weight毛重(KGS) (毛重 KGS),"41,124",BILL_OF_LADING
2026-09-21T09:09:05.301940+00:00,email_107,Gross Weight毛重(KGS) (毛重 KGS),"41,124",BILL_OF_LADING
2026-09-21T09:09:08.258419+00:00,email_107,Gross Weight毛重(KGS) (毛重 KGS),"41,124",BILL_OF_LADING
2026-09-21T09:15:05.237174+00:00,email_107,Gross Weight毛重(KGS) (毛重 KGS),"41,124",BILL_OF_LADING
2026-09-21T09:15:05.255252+00:00,email_107,Gross Weight毛重(KGS) (毛重 KGS),"41,124",BILL_OF_LADING
2026-09-21T09:15:12.280406+00:00,email_107,Gross Weight毛重(KGS) (毛重 KGS),"41,124",BILL_OF_LADING
2026-09-21T09:35:05.990404+00:00,email_107,Gross Weight毛重(KGS) (毛重 KGS),"41,124",BILL_OF_LADING
2026-09-21T09:35:06.001855+00:00,email_107,Gross Weight毛重(KGS) (毛重 KGS),"41,124",BILL_OF_LADING
2026-09-21T09:35:12.884385+00:00,email_107,Gross Weight毛重(KGS) (毛重 KGS),"41,124",BILL_OF_LADING
2026-09-21T09:37:19.754959+00:00,email_107,Gross Weight毛重(KGS) (毛重 KGS),"41,124",BILL_OF_LADING
2026-09-21T10:26:10.084167+00:00,email_107,Gross Weight毛重(KGS) (毛重 KGS),"41,124",BILL_OF_LADING
2026-09-21T10:26:13.548363+00:00,email_107,Gross Weight毛重(KGS) (毛重 KGS),"41,124",BILL_OF_LADING
2026-09-21T10:26:15.862703+00:00,email_107,Gross Weight毛重(KGS) (毛重 KGS),"41,124",BILL_OF_LADING
2026-09-21T10:30:02.940293+00:00,email_107,Gross Weight毛重(KGS) (毛重 KGS),"41,124",BILL_OF_LADING
2026-09-21T11:03:04.526953+00:00,email_107,Gross Weight毛重(KGS) (毛重 KGS),"41,124",BILL_OF_LADING
2026-09-21T11:03:07.208857+00:00,email_107,Gross Weight毛重(KGS) (毛重 KGS),"41,124",BILL_OF_LADING
2026-09-21T11:03:09.569759+00:00,email_107,Gross Weight毛重(KGS) (毛重 KGS),"41,124",BILL_OF_LADING
2026-09-21T11:03:12.216766+00:00,email_107,Gross Weight毛重(KGS) (毛重 KGS),"41,124",BILL_OF_LADING
2026-09-21T11:03:32.399528+00:00,email_107,Gross Weight毛重(KGS) (毛重 KGS),"41,124",BILL_OF_LADING
2026-09-21T11:03:34.666876+00:00,email_107,Gross Weight毛重(KGS) (毛重 KGS),"41,124",BILL_OF_LADING
2026-09-21T11:07:26.705863+00:00,email_107,Gross Weight毛重(KGS) (毛重 KGS),"41,124",BILL_OF_LADING
2026-09-21T11:07:33.831128+00:00,email_107,Gross Weight毛重(KGS) (毛重 KGS),"41,124",BILL_OF_LADING
2026-09-21T11:15:49.872473+00:00,email_107,Gross Weight毛重(KGS) (毛重 KGS),"41,124",BILL_OF_LADING
